"author_fullname","title","name","score","created","view_count","id","author","url","created_utc"
"t2_8nyw17g8","Adrianah's opinion on xQc and Train not mentioning the accusations sooner","t3_xixkcb",1425,2022-09-20T03:18:33,0,"xixkcb","TheMuleUS","https://youtube.com/clip/UgkxiUc0l69GeUMhO8FHUiTgiG_si2I0uekU",2022-09-20T03:18:33
"t2_n6rib134","Boy ‚ÄúSees‚Äù A Firefighter For The First Time","t3_xixmm7",386,2022-09-20T03:21:37,0,"xixmm7","evedayis","https://v.redd.it/izoom26imxo91",2022-09-20T03:21:37
"t2_elnlogo","Train hinting at the crazyslick situation in the past","t3_xixz0e",301,2022-09-20T03:37:45,0,"xixz0e","oa7x","https://clips.twitch.tv/WanderingModernSandpiperTheTarFu-UTuO-lxz20qzLceR",2022-09-20T03:37:45
"t2_ewyqs6m9","Moistcritikal ""I do not regret blowing up that orphanage""","t3_xiy1w2",271,2022-09-20T03:41:35,0,"xiy1w2","Infinite_Mango4","https://clips.twitch.tv/TenaciousTardyLionSquadGoals-t0fP4ASaNHhvj4h7",2022-09-20T03:41:35
"t2_ww09lqy","Using TT Side Grips to Create Mission Impossible in Night Customs (We Totally Didn't Get Murdered 10 Seconds Later)","t3_xixtqi",256,2022-09-20T03:30:55,0,"xixtqi","KosherBacon666","https://v.redd.it/fqvtjcaxnxo91",2022-09-20T03:30:55
"t2_6b1pnpdx","Adrianah never told xQc about the sexual assault","t3_xixjqw",232,2022-09-20T03:17:46,0,"xixjqw","RyanRobinson099","https://youtube.com/clip/UgkxfHsWHtMqNiZUWKZCY3vkqTMNmontvDV8",2022-09-20T03:17:46
"t2_mga2sbll","moistcr1tikal - ""I like kissing men on the lips""","t3_xixzhq",214,2022-09-20T03:38:23,0,"xixzhq","Daybreak_99","https://clips.twitch.tv/RacyBovineBisonUnSane-8FjGCJRQnNuw9DAv",2022-09-20T03:38:23
"t2_7wd25rdh","Destiny finds out the REAL reason xqc didn't go to shitcamp","t3_xixrib",204,2022-09-20T03:28:07,0,"xixrib","PM-FOR-FEMBOY-BUSSY","https://youtube.com/clip/UgkxlTSOLt5nhm3PsnvvUoubc9a91YBJE1Ij",2022-09-20T03:28:07
"t2_93fwd8ih","U.S. OKs new American Airlines, JetBlue flights to Havana","t3_xixqqv",206,2022-09-20T03:27:03,0,"xixqqv","YoloBoloPup","https://www.reuters.com/business/aerospace-defense/us-oks-new-american-airlines-jetblue-flights-havana-2022-09-19/",2022-09-20T03:27:03
"t2_akwfw61w","Last years DTCC financial statement showed the NSCC has $185 Billion worth of open trade positions for which a trade guaranty applies‚Ä¶ THAT is $185 B worth of FTDs and naked shorts that have yet to be resolved!!! They are all complicit. Shit is fucked. Fuck you pay me!!!","t3_xixlu0",159,2022-09-20T03:20:33,0,"xixlu0","Realitygives0fucks","https://www.reddit.com/r/Superstonk/comments/xixlu0/last_years_dtcc_financial_statement_showed_the/",2022-09-20T03:20:33
"t2_93fwd8ih","Lula maintains large lead over Bolsonaro ahead of Brazil election -poll","t3_xixmhi",156,2022-09-20T03:21:28,0,"xixmhi","YoloBoloPup","https://www.reuters.com/world/americas/lula-maintains-large-lead-over-bolsonaro-ahead-brazil-election-poll-2022-09-20/",2022-09-20T03:21:28
"t2_2r6hqoo1","Hasan Goes off on xQc for Dragging Him Into Drama","t3_xiy9wd",145,2022-09-20T03:52:41,0,"xiy9wd","mnightsucks","https://clips.twitch.tv/ZanyCrowdedTrollDAESuppy-KWcgv14-QgbbsYf5",2022-09-20T03:52:41
"t2_4m7e33ug","Adrianah says that Train supported her through everything","t3_xixxwl",139,2022-09-20T03:36:12,0,"xixxwl","Acrobatic-Cloud5172","https://clips.twitch.tv/KathishAggressiveNightingaleHeyGuys-oiEugnaV6YQ75v3U",2022-09-20T03:36:12
"t2_10sz70","Me aggressively refreshing FSU for Porg birth updates","t3_xixphk",126,2022-09-20T03:25:23,0,"xixphk","collapsible_blonde","https://giphy.com/gifs/cbc-schitts-creek-k7ycO0eXZd9alfjGhE",2022-09-20T03:25:23
"t2_zt3ko6u","Russia is struggling to annex Ukraine, but China is annexing Russia pretty effortlessly","t3_xixvee",128,2022-09-20T03:32:58,0,"xixvee","Skybreak2020","https://www.brisbanetimes.com.au/world/asia/russia-is-struggling-to-annexe-ukraine-but-china-is-annexing-russia-pretty-effortlessly-20220919-p5bj57.html",2022-09-20T03:32:58
"t2_83pbi91x","What the heck is this meme making thing","t3_xixrki",118,2022-09-20T03:28:10,0,"xixrki","Gullible-Sympathy-28","https://v.redd.it/qb3rsduonxo91",2022-09-20T03:28:10
"t2_k0vtn","Destiny talks about Trainwrecks being a good person and supporting people","t3_xixl8p",112,2022-09-20T03:19:46,0,"xixl8p","Knorps","https://youtube.com/clip/UgkxBddYqPpVtp-qF7F41iHxF3BntdMmoM7e",2022-09-20T03:19:46
"t2_15wokw","18:6 / Mar '22 to Sept '22 / down 40lbs","t3_xiy3eb",115,2022-09-20T03:43:36,0,"xiy3eb","YukiBazooki","https://i.redd.it/4snogxbfqxo91.jpg",2022-09-20T03:43:36
"t2_pvcpgro","She no longer has to live a lie","t3_xixqac",112,2022-09-20T03:26:25,0,"xixqac","dobbyisafreepup","https://i.redd.it/nd0hqvmdnxo91.jpg",2022-09-20T03:26:25
"t2_dywpsmq2","Welcome to Puzzle Inu (PINU) Puzzle Inu has been created to establish a positive friendship with the worldwide sports community, especially Football fans, indoor and digital game fans &amp; Pet Lovers","t3_xiyeeh",110,2022-09-20T03:59:08,0,"xiyeeh","ustajeeh","https://www.reddit.com/r/CryptoMoonShots/comments/xiyeeh/welcome_to_puzzle_inu_pinu_puzzle_inu_has_been/",2022-09-20T03:59:08
"t2_8ix4e","MoistCritikal wouldn‚Äôt support a friend who commited SA","t3_xixqik",102,2022-09-20T03:26:44,0,"xixqik","reediculus1","https://clips.twitch.tv/AgitatedWealthyGarbageArsonNoSexy-YG0d5mcRijjGs2Ho",2022-09-20T03:26:44
"t2_1jacn81r","Tommy ""Bloods"" Dwayne Out","t3_xixmes",99,2022-09-20T03:21:21,0,"xixmes","cpslcking","https://clips.twitch.tv/DarlingImportantPotSoonerLater-WcHuFhUHh2r9EB37",2022-09-20T03:21:21
"t2_e04youvf","AdrianahLee's revised summary of what happened two years later","t3_xiy5pf",98,2022-09-20T03:46:49,0,"xiy5pf","no-longer-banned","https://clips.twitch.tv/AverageJazzyHippoKappaRoss-_1fK61eylqlrPJ6b",2022-09-20T03:46:49
"t2_ict8v","[Story spoilers] More details/speculation about 3.2 Sumeru archon quest PART 2 - VNTaleak","t3_xixncy",92,2022-09-20T03:22:35,0,"xixncy","Bobson567","https://www.reddit.com/r/Genshin_Impact_Leaks/comments/xixncy/story_spoilers_more_detailsspeculation_about_32/",2022-09-20T03:22:35
"t2_2nehqhwf","Mitch was the one who leaked the situation to train","t3_xixw0k",88,2022-09-20T03:33:46,0,"xixw0k","ArrowHeadArrowHead12","https://youtube.com/clip/Ugkxldlc7zIlwV9DCtoi3e-xS5wY-NUcMWsH",2022-09-20T03:33:46
"t2_sd4z1u04","Drew Fanart by riverion","t3_xixupr",87,2022-09-20T03:32:06,0,"xixupr","doggolulu","https://i.redd.it/a81jlvwboxo91.png",2022-09-20T03:32:06
"t2_fjnts","Based on real life experiences :(","t3_xixtsd",89,2022-09-20T03:30:59,0,"xixtsd","nzkiwibro","https://i.redd.it/msh2p7ewnxo91.png",2022-09-20T03:30:59
"t2_94vp30im","Paging US Cable News Networks","t3_xixw24",92,2022-09-20T03:33:50,0,"xixw24","DemocracyStan","https://i.redd.it/fjzhdm9poxo91.jpg",2022-09-20T03:33:50
"t2_b4azf84t","Robbie IMX twitter","t3_xiy2uc",91,2022-09-20T03:42:50,0,"xiy2uc","Substantial-Sink-552","https://i.redd.it/a0te2s3bqxo91.jpg",2022-09-20T03:42:50
"t2_5ldzy","Adriana talks about the twitlonger","t3_xixkmz",77,2022-09-20T03:18:57,0,"xixkmz","dhalathan","https://youtube.com/clip/UgkxzatocKpjBzBBoL6BbZ9DlE6eKJZqo_48",2022-09-20T03:18:57
"t2_bj0cjs4n","remember this moment","t3_xixp2s",87,2022-09-20T03:24:53,0,"xixp2s","paranoidpolski","https://i.redd.it/uwv3cuom4zo91.jpg",2022-09-20T03:24:53
"t2_3akiwa50","the birds are back","t3_xixsts",76,2022-09-20T03:29:50,0,"xixsts","chinito93","https://i.redd.it/s1k3ipuvnxo91.jpg",2022-09-20T03:29:50
"t2_rvm0k2ic","OOP's manager compares her to Hitler in a compliment and she takes the fall","t3_xixtn6",82,2022-09-20T03:30:47,0,"xixtn6","revolutionary_alien","https://www.reddit.com/r/BestofRedditorUpdates/comments/xixtn6/oops_manager_compares_her_to_hitler_in_a/",2022-09-20T03:30:47
"t2_xfb3t","Week 2 Recap Thread: The Vikings (1-1) lose to the Eagles (2-0) 24-7","t3_xixm30",76,2022-09-20T03:20:53,0,"xixm30","Go_To_Bethel_And_Sin","https://www.reddit.com/r/minnesotavikings/comments/xixm30/week_2_recap_thread_the_vikings_11_lose_to_the/",2022-09-20T03:20:53
"t2_251ym","I made Anthony Bourdain out of wine corks","t3_xixxqu",80,2022-09-20T03:35:59,0,"xixxqu","robmkearns","https://i.imgur.com/4z9uLKY.jpg",2022-09-20T03:35:59
"t2_wwj7h","Public Buses Across Country Quietly Adding Microphones to Record Passenger Conversations","t3_xixq97",84,2022-09-20T03:26:22,0,"xixq97","geoxol","https://www.wired.com/2012/12/public-bus-audio-surveillance/",2022-09-20T03:26:22
"t2_5oftisx","This Wild Wolf Excited to See his Human Friend","t3_xiy0zr",79,2022-09-20T03:40:25,0,"xiy0zr","FromTheMecca11","https://v.redd.it/5cicenjc7zo91",2022-09-20T03:40:25
"t2_16syrup7","Destiny's suggestion for Xqc","t3_xixx12",70,2022-09-20T03:35:02,0,"xixx12","tiro476","https://youtube.com/clip/Ugkxk-xWP4EQaSsZsqe332RcitBS682cDDBp",2022-09-20T03:35:02
"t2_126eth","Skalter has a hard time fitting in","t3_xixtyi",70,2022-09-20T03:31:13,0,"xixtyi","EasternOboro","https://i.redd.it/8pvznubanxo91.png",2022-09-20T03:31:13
"t2_kmmz6rxd","Every. Single. Time.","t3_xiy3gw",71,2022-09-20T03:43:42,0,"xiy3gw","OhTheseSourTimes","https://i.imgur.com/OZprfPE.jpg",2022-09-20T03:43:42
"t2_ru2fnm4v","Katora Lake, Pakistan [OC][2560x1440]","t3_xixq7q",69,2022-09-20T03:26:19,0,"xixq7q","hard_on_call","https://i.redd.it/ozup81lcnxo91.jpg",2022-09-20T03:26:19
"t2_6ucns","Vogelbach livin' the High Life","t3_xixr1s",70,2022-09-20T03:27:28,0,"xixr1s","Stock412","https://i.redd.it/z7iy1deknxo91.jpg",2022-09-20T03:27:28
"t2_lemp32te","Tyler‚Äôs thoughts on Drama","t3_xiyjwa",72,2022-09-20T04:06:23,0,"xiyjwa","Affectionate-Host723","https://clips.twitch.tv/PopularWiseOctopusJebaited-fViIL6cdj8Ttr7AJ",2022-09-20T04:06:23
"t2_9dc17m5w","Tyler1's plan to stay relevant on Twitch","t3_xiyj11",69,2022-09-20T04:05:08,0,"xiyj11","Darozay_","https://clips.twitch.tv/BombasticToughCrocodileBigBrother-9Fq051T1MMwYmuM-",2022-09-20T04:05:08
"t2_e04youvf","AdrianahLee ""got help from Trainwrecks in coming out with this information""","t3_xiyc8p",65,2022-09-20T03:56:08,0,"xiyc8p","no-longer-banned","https://clips.twitch.tv/ExquisiteCalmWallabyUWot-YTlmOgaO4kwkeYkX",2022-09-20T03:56:08
"t2_2atai6id","Florida man brags about human trafficking refugees to an island full of wealthy lawyers. Now being prosecuted for human trafficking.","t3_xiy6sd",68,2022-09-20T03:48:24,0,"xiy6sd","Patereye","https://www.usatoday.com/story/news/nation/2022/09/18/massachusetts-human-trafficking-probe-desantis-migrants/10419960002/",2022-09-20T03:48:24
"t2_58u0cd6d","[Puma] Buck Showalter fairly low key tonight, but says: ‚ÄúIf we win the division you will see me do something stupid.‚Äù","t3_xixo3l",58,2022-09-20T03:23:34,0,"xixo3l","gamesforlife69","https://twitter.com/NYPost_Mets/status/1572060663903821824?s=20&amp;t=uOfacM9JJ_bJoS_0IsUnnQ",2022-09-20T03:23:34
"t2_2cca2n44","Finally...","t3_xixvfi",57,2022-09-20T03:33:01,0,"xixvfi","nihilistic_vision","https://i.redd.it/jz01lxojoxo91.jpg",2022-09-20T03:33:01
"t2_5w6b7","[Highlight] Chris Taylor hits a ball, fan muffs the catch, and review ultimately turns a double into his 10th homer of the year","t3_xixr7k",55,2022-09-20T03:27:41,0,"xixr7k","Jux_","https://streamable.com/hi86se",2022-09-20T03:27:41
"t2_8wxdu7ms","A nice fresh face for today's podcast. AB photo redemption arc?!","t3_xixqi9",55,2022-09-20T03:26:43,0,"xixqi9","joelgray-kun","https://i.redd.it/938yhlmfnxo91.jpg",2022-09-20T03:26:43
"t2_9a3sm1sf","Haven't seen the Vikings Promising Season get slapped this hard back to reality since.... well....","t3_xiy0vs",51,2022-09-20T03:40:16,0,"xiy0vs","AFishOutOfWater3","https://i.redd.it/x8ldt8qppxo91.png",2022-09-20T03:40:16
"t2_3woxd6sz","Trudeau: It's too difficult to abolish the monarchy, we need to focus on other difficult things we also won't do","t3_xixlyb",54,2022-09-20T03:20:43,0,"xixlyb","redditrando647","https://www.thebeaverton.com/2022/09/trudeau-its-too-difficult-to-abolish-the-monarchy-we-need-to-focus-on-other-difficult-things-we-also-wont-do/",2022-09-20T03:20:43
"t2_1bg5fm9f","Look At Nae Nae!","t3_xixkdn",52,2022-09-20T03:18:36,0,"xixkdn","RD4200","https://v.redd.it/cvbx0ndzlxo91",2022-09-20T03:18:36
"t2_5b5zdlfn","""One-Guy"" Special Ops","t3_xiy1ci",49,2022-09-20T03:40:54,0,"xiy1ci","Avyxyva","https://clips.twitch.tv/ResourcefulImpossiblePhoneDancingBaby-fadVR9ABXOsb6XnO",2022-09-20T03:40:54
"t2_29ur6uxl","Two trucks with the same bed length.","t3_xiy3ys",54,2022-09-20T03:44:22,0,"xiy3ys","Manoj_Malhotra","https://i.redd.it/xpjwqcveqxo91.png",2022-09-20T03:44:22
"t2_70c46","6:41 EEST ; The Sun is Rising on the 209th Day of the russian Invasion on the Capital City of Kyiv. Ukraine Continues to Live and Fight On. DISCUSSION + CHARITIES!","t3_xiy1j7",49,2022-09-20T03:41:10,0,"xiy1j7","duellingislands","https://www.reddit.com/r/ukraine/comments/xiy1j7/641_eest_the_sun_is_rising_on_the_209th_day_of/",2022-09-20T03:41:10
"t2_49m8plsr","STR Cooler EZA APT &amp; DEF!","t3_xixsrk",48,2022-09-20T03:29:45,0,"xixsrk","xdd-Ray","https://i.redd.it/lga6cxwynxo91.jpg",2022-09-20T03:29:45
"t2_j7n2r5xf","Who is dumb?","t3_xiy3sg",46,2022-09-20T03:44:08,0,"xiy3sg","donison24x7","https://i.redd.it/a029kqbjqxo91.jpg",2022-09-20T03:44:08
"t2_8d6mf","EU frogs waking up like","t3_xixvlr",47,2022-09-20T03:33:15,0,"xixvlr","Rafeno760","https://i.imgur.com/jeNWDt7.jpg",2022-09-20T03:33:15
"t2_rpoj3ucg","This is an ultimatum!","t3_xixk14",44,2022-09-20T03:18:09,0,"xixk14","SunflowerFx","https://www.reddit.com/gallery/xixk14",2022-09-20T03:18:09
"t2_4ixv9w7j","Customer came in and deposited this into their bank account, co worker bought it before I could","t3_xixnex",43,2022-09-20T03:22:40,0,"xixnex","PsychadelicLover","https://www.reddit.com/gallery/xixnex",2022-09-20T03:22:40
"t2_r1le8bjf","The Commander-in-Chief of over 4,000 anti-Taliban resistance fighters is 35 year old Khalid Amiri.A General who was heavily trained by the CIA as a commander of the Khost Protection force and NATO as a senior leader of ANA Commando‚Äôs. He has become one the most famous men in Afghanistan [720x720]","t3_xixnp3",50,2022-09-20T03:23:03,0,"xixnp3","LogarJan","https://i.redd.it/vt2imc2smxo91.jpg",2022-09-20T03:23:03
"t2_5lq66","Truex visibly less than happy with his race car at Bristol.","t3_xixy69",42,2022-09-20T03:36:36,0,"xixy69","lonewanderer812","https://i.redd.it/v55890n0pxo91.png",2022-09-20T03:36:36
"t2_7c2t59hg","Early morning mist on an undisclosed lake in the Cariboo","t3_xixxi8",42,2022-09-20T03:35:39,0,"xixxi8","xBlacksmithx","https://i.redd.it/mo886in0pxo91.jpg",2022-09-20T03:35:39
"t2_8z5d6caw","AdBlock always helps me","t3_xixrhy",44,2022-09-20T03:28:06,0,"xixrhy","dorianplayerone","https://i.redd.it/azjzbt3djto91.jpg",2022-09-20T03:28:06
"t2_6l4z3","OFFICIAL MONDAY NIGHT POSTGAME THREAD","t3_xixlkz",40,2022-09-20T03:20:13,0,"xixlkz","AutoModerator","https://www.reddit.com/r/fantasyfootball/comments/xixlkz/official_monday_night_postgame_thread/",2022-09-20T03:20:13
"t2_re9pn3j9","Posting from hospital, 2 hours after taking the picture‚Ä¶ ü´°ü§ï","t3_xiy5yx",45,2022-09-20T03:47:13,0,"xiy5yx","-KanyeEast-","https://i.redd.it/vk7699y2rxo91.jpg",2022-09-20T03:47:13
"t2_mist9y1","Nilou on her way to bless your 50/50 ( by @peikki02 )","t3_xixyes",42,2022-09-20T03:36:56,0,"xixyes","LivingASlothsLife","https://i.redd.it/y4h52uu7pxo91.jpg",2022-09-20T03:36:56
"t2_16xsku","the state of ascended heroes at this point in time","t3_xixo8g",41,2022-09-20T03:23:45,0,"xixo8g","andresfgp13","https://i.redd.it/9fk7p9trmxo91.jpg",2022-09-20T03:23:45
"t2_5l8a4","Matty-O‚Äôs ‚ÄúJulio Jones disc‚Äù landed near me at GMC and it‚Äôs actually signed by Julio Jones","t3_xixprf",44,2022-09-20T03:25:45,0,"xixprf","Hell_Camino","https://i.redd.it/lgbxu4b9nxo91.jpg",2022-09-20T03:25:45
"t2_glrsi","/r/WorldNews Live Thread: Russian Invasion of Ukraine Day 209, Part 1 (Thread #349)","t3_xiygvd",46,2022-09-20T04:02:04,0,"xiygvd","WorldNewsMods","https://www.reddit.com/live/18hnzysb1elcs",2022-09-20T04:02:04
"t2_i4512","Clayton Kershaw ends his night against the Diamondbacks: 6 IP, 6 H, 1 ER, 0 BB, 10K.","t3_xiyf8m",42,2022-09-20T04:00:13,0,"xiyf8m","VStarffin","https://www.reddit.com/r/baseball/comments/xiyf8m/clayton_kershaw_ends_his_night_against_the/",2022-09-20T04:00:13
"t2_93lw9s5c","Sorry if this is already common knowledge but just in case‚Ä¶ Karissa follows 2 ‚ÄòFlat Earth‚Äô conspiracy pages on Instagram.","t3_xixqck",38,2022-09-20T03:26:30,0,"xixqck","jellybloom17","https://www.reddit.com/gallery/xixqck",2022-09-20T03:26:30
"t2_c99yt9j8","The starters","t3_xixp5r",37,2022-09-20T03:25:00,0,"xixp5r","Successful-Engine506","https://i.redd.it/rgtsh8l4nxo91.jpg",2022-09-20T03:25:00
"t2_2itlowba","Actually, on August 8th her biggest client‚Äôs home was raided.","t3_xixuui",39,2022-09-20T03:32:14,0,"xixuui","susierabbit","https://i.redd.it/4tn1gr2foxo91.jpg",2022-09-20T03:32:14
